{
  "Id": "1f6b79d2aff23244382026c76f4995851322bed5f9c50631620162f6f9aafbd6",
  "Created": "2023-07-25T14:55:14.69155887Z",
  "Path": "/docker-entrypoint.sh",
  "Args": [
    "nginx",
    "-g",
    "daemon off;"
  ],
  "State": {
    "Status": "running",
    "Running": true,
    "Paused": false,
    "Restarting": false,
    "OOMKilled": false,
    "Dead": false,
    "Pid": 3743,
    "ExitCode": 0,
    "Error": "",
    "StartedAt": "2023-07-25T14:55:15.299654437Z",
    "FinishedAt": "0001-01-01T00:00:00Z"
  },
  "Image": "sha256:904b8cb13b932e23230836850610fa45dce9eb0650d5618c2b1487c2a4f577b8",
  "ResolvConfPath": "/var/lib/docker/containers/25e75393800b5c450a6841212a3b92ed28fa35414a586dec9f2c8a520d4910c2/resolv.conf",
  "HostnamePath": "/var/lib/docker/containers/25e75393800b5c450a6841212a3b92ed28fa35414a586dec9f2c8a520d4910c2/hostname",
  "HostsPath": "/var/lib/docker/containers/25e75393800b5c450a6841212a3b92ed28fa35414a586dec9f2c8a520d4910c2/hosts",
  "LogPath": "/var/lib/docker/containers/1f6b79d2aff23244382026c76f4995851322bed5f9c50631620162f6f9aafbd6/1f6b79d2aff23244382026c76f4995851322bed5f9c50631620162f6f9aafbd6-json.log",
  "Name": "/wt-contnet-consumer-1",
  "RestartCount": 0,
  "Driver": "overlay2",
  "Platform": "linux",
  "MountLabel": "",
  "ProcessLabel": "",
  "AppArmorProfile": "",
  "ExecIDs": null,
  "HostConfig": {
    "Binds": null,
    "ContainerIDFile": "",
    "LogConfig": {
      "Type": "json-file",
      "Config": {}
    },
    "NetworkMode": "container:badc1dbadc1dbadc1dbadc1dbadc1dbadc1dbadc1dbadc1dbadc1dbadc1dbadc",
    "PortBindings": {},
    "RestartPolicy": {
      "Name": "",
      "MaximumRetryCount": 0
    },
    "AutoRemove": false,
    "VolumeDriver": "",
    "VolumesFrom": null,
    "ConsoleSize": [
      0,
      0
    ],
    "CapAdd": null,
    "CapDrop": null,
    "CgroupnsMode": "host",
    "Dns": null,
    "DnsOptions": null,
    "DnsSearch": null,
    "ExtraHosts": [],
    "GroupAdd": null,
    "IpcMode": "private",
    "Cgroup": "",
    "Links": null,
    "OomScoreAdj": 0,
    "PidMode": "",
    "Privileged": false,
    "PublishAllPorts": false,
    "ReadonlyRootfs": false,
    "SecurityOpt": null,
    "UTSMode": "",
    "UsernsMode": "",
    "ShmSize": 67108864,
    "Runtime": "runc",
    "Isolation": "",
    "CpuShares": 0,
    "Memory": 0,
    "NanoCpus": 0,
    "CgroupParent": "",
    "BlkioWeight": 0,
    "BlkioWeightDevice": null,
    "BlkioDeviceReadBps": null,
    "BlkioDeviceWriteBps": null,
    "BlkioDeviceReadIOps": null,
    "BlkioDeviceWriteIOps": null,
    "CpuPeriod": 0,
    "CpuQuota": 0,
    "CpuRealtimePeriod": 0,
    "CpuRealtimeRuntime": 0,
    "CpusetCpus": "",
    "CpusetMems": "",
    "Devices": null,
    "DeviceCgroupRules": null,
    "DeviceRequests": null,
    "MemoryReservation": 0,
    "MemorySwap": 0,
    "MemorySwappiness": null,
    "OomKillDisable": false,
    "PidsLimit": null,
    "Ulimits": null,
    "CpuCount": 0,
    "CpuPercent": 0,
    "IOMaximumIOps": 0,
    "IOMaximumBandwidth": 0,
    "MaskedPaths": [
      "/proc/asound",
      "/proc/acpi",
      "/proc/kcore",
      "/proc/keys",
      "/proc/latency_stats",
      "/proc/timer_list",
      "/proc/timer_stats",
      "/proc/sched_debug",
      "/proc/scsi",
      "/sys/firmware"
    ],
    "ReadonlyPaths": [
      "/proc/bus",
      "/proc/fs",
      "/proc/irq",
      "/proc/sys",
      "/proc/sysrq-trigger"
    ]
  },
  "GraphDriver": {
    "Data": {
      "LowerDir": "/var/lib/docker/overlay2/05501c86219af9f713c74c129426cf5a17dc5e42f96f7f881f443cab100280e2-init/diff:/var/lib/docker/overlay2/105427179e5628eb7e893d53e21f42f9e76278f8b5665387ecdeed54a7231137/diff:/var/lib/docker/overlay2/09785ba17f27c783ef8b44f369f9aac0ca936000b57abf22b3c54d1e6eb8e27b/diff:/var/lib/docker/overlay2/6f8acd64ae44fd4d14bcb90c105eceba46854aa3985b5b6b317bcc5692cfc286/diff:/var/lib/docker/overlay2/73d41c15edb21c5f12cf53e313f48b5da55283aafc77d35b7bc662241879d7e7/diff:/var/lib/docker/overlay2/d97b55f3d966ae031492369a98e9e00d2bd31e520290fe2034e0a2b1ed77c91e/diff:/var/lib/docker/overlay2/053e9ca65c6b64cb9d98a812ff7488c7e77938b4fb8e0c4d2ad7f8ec235f0f20/diff",
      "MergedDir": "/var/lib/docker/overlay2/05501c86219af9f713c74c129426cf5a17dc5e42f96f7f881f443cab100280e2/merged",
      "UpperDir": "/var/lib/docker/overlay2/05501c86219af9f713c74c129426cf5a17dc5e42f96f7f881f443cab100280e2/diff",
      "WorkDir": "/var/lib/docker/overlay2/05501c86219af9f713c74c129426cf5a17dc5e42f96f7f881f443cab100280e2/work"
    },
    "Name": "overlay2"
  },
  "Mounts": [],
  "Config": {
    "Hostname": "25e75393800b",
    "Domainname": "",
    "User": "",
    "AttachStdin": false,
    "AttachStdout": true,
    "AttachStderr": true,
    "ExposedPorts": {
      "80/tcp": {}
    },
    "Tty": false,
    "OpenStdin": false,
    "StdinOnce": false,
    "Env": [
      "PATH=/usr/local/sbin:/usr/local/bin:/usr/sbin:/usr/bin:/sbin:/bin",
      "NGINX_VERSION=1.23.3",
      "NJS_VERSION=0.7.9",
      "PKG_RELEASE=1~bullseye"
    ],
    "Cmd": [
      "nginx",
      "-g",
      "daemon off;"
    ],
    "Image": "nginx",
    "Volumes": null,
    "WorkingDir": "",
    "Entrypoint": [
      "/docker-entrypoint.sh"
    ],
    "OnBuild": null,
    "Labels": {
      "com.docker.compose.config-hash": "8bb0e1c8c61f6d495840ba9133ebfb1e4ffda3e1adb701a011b03951848bb9fa",
      "com.docker.compose.container-number": "1",
      "com.docker.compose.depends_on": "producer:service_started:false",
      "com.docker.compose.image": "sha256:904b8cb13b932e23230836850610fa45dce9eb0650d5618c2b1487c2a4f577b8",
      "com.docker.compose.oneoff": "False",
      "com.docker.compose.project": "wt-contnet",
      "com.docker.compose.project.config_files": "/tmp/wt-contnet/docker-compose.yaml",
      "com.docker.compose.project.working_dir": "/tmp/wt-contnet",
      "com.docker.compose.replace": "07bb70608f96f577aa02b9f317500e23e691c94eb099f6fb52301dfb031d0668",
      "com.docker.compose.service": "consumer",
      "com.docker.compose.version": "2.19.1",
      "desktop.docker.io/wsl-distro": "Ubuntu",
      "maintainer": "NGINX Docker Maintainers \u003cdocker-maint@nginx.com\u003e"
    },
    "StopSignal": "SIGQUIT"
  },
  "NetworkSettings": {
    "Bridge": "",
    "SandboxID": "",
    "HairpinMode": false,
    "LinkLocalIPv6Address": "",
    "LinkLocalIPv6PrefixLen": 0,
    "Ports": {},
    "SandboxKey": "",
    "SecondaryIPAddresses": null,
    "SecondaryIPv6Addresses": null,
    "EndpointID": "",
    "Gateway": "",
    "GlobalIPv6Address": "",
    "GlobalIPv6PrefixLen": 0,
    "IPAddress": "",
    "IPPrefixLen": 0,
    "IPv6Gateway": "",
    "MacAddress": "",
    "Networks": {}
  }
}
