{
  "Id": "25e75393800b5c450a6841212a3b92ed28fa35414a586dec9f2c8a520d4910c2",
  "Created": "2023-07-25T14:55:14.595662628Z",
  "Path": "/gluetun-entrypoint",
  "Args": [],
  "State": {
    "Status": "running",
    "Running": true,
    "Paused": false,
    "Restarting": false,
    "OOMKilled": false,
    "Dead": false,
    "Pid": 3648,
    "ExitCode": 0,
    "Error": "",
    "StartedAt": "2023-07-25T14:55:15.193430103Z",
    "FinishedAt": "0001-01-01T00:00:00Z",
    "Health": {
      "Status": "healthy",
      "FailingStreak": 0,
      "Log": [
        {
          "Start": "2023-07-25T15:00:32.078491228Z",
          "End": "2023-07-25T15:00:32.194554876Z",
          "ExitCode": 0,
          "Output": ""
        },
        {
          "Start": "2023-07-25T15:00:37.199245496Z",
          "End": "2023-07-25T15:00:37.294845687Z",
          "ExitCode": 0,
          "Output": ""
        },
        {
          "Start": "2023-07-25T15:00:42.299676089Z",
          "End": "2023-07-25T15:00:42.384213818Z",
          "ExitCode": 0,
          "Output": ""
        },
        {
          "Start": "2023-07-25T15:00:47.389142447Z",
          "End": "2023-07-25T15:00:47.514483294Z",
          "ExitCode": 0,
          "Output": ""
        },
        {
          "Start": "2023-07-25T15:00:52.518770886Z",
          "End": "2023-07-25T15:00:52.644288742Z",
          "ExitCode": 0,
          "Output": ""
        }
      ]
    }
  },
  "Image": "sha256:c22b543d33bfdcb9992cbef23961677133cdf09da71d782468ae2517138bad51",
  "ResolvConfPath": "/var/lib/docker/containers/25e75393800b5c450a6841212a3b92ed28fa35414a586dec9f2c8a520d4910c2/resolv.conf",
  "HostnamePath": "/var/lib/docker/containers/25e75393800b5c450a6841212a3b92ed28fa35414a586dec9f2c8a520d4910c2/hostname",
  "HostsPath": "/var/lib/docker/containers/25e75393800b5c450a6841212a3b92ed28fa35414a586dec9f2c8a520d4910c2/hosts",
  "LogPath": "/var/lib/docker/containers/25e75393800b5c450a6841212a3b92ed28fa35414a586dec9f2c8a520d4910c2/25e75393800b5c450a6841212a3b92ed28fa35414a586dec9f2c8a520d4910c2-json.log",
  "Name": "/wt-contnet-producer-1",
  "RestartCount": 0,
  "Driver": "overlay2",
  "Platform": "linux",
  "MountLabel": "",
  "ProcessLabel": "",
  "AppArmorProfile": "",
  "ExecIDs": null,
  "HostConfig": {
    "Binds": null,
    "ContainerIDFile": "",
    "LogConfig": {
      "Type": "json-file",
      "Config": {}
    },
    "NetworkMode": "wt-contnet_default",
    "PortBindings": {},
    "RestartPolicy": {
      "Name": "",
      "MaximumRetryCount": 0
    },
    "AutoRemove": false,
    "VolumeDriver": "",
    "VolumesFrom": null,
    "ConsoleSize": [
      0,
      0
    ],
    "CapAdd": [
      "NET_ADMIN"
    ],
    "CapDrop": null,
    "CgroupnsMode": "host",
    "Dns": null,
    "DnsOptions": null,
    "DnsSearch": null,
    "ExtraHosts": [],
    "GroupAdd": null,
    "IpcMode": "private",
    "Cgroup": "",
    "Links": null,
    "OomScoreAdj": 0,
    "PidMode": "",
    "Privileged": false,
    "PublishAllPorts": false,
    "ReadonlyRootfs": false,
    "SecurityOpt": null,
    "UTSMode": "",
    "UsernsMode": "",
    "ShmSize": 67108864,
    "Runtime": "runc",
    "Isolation": "",
    "CpuShares": 0,
    "Memory": 0,
    "NanoCpus": 0,
    "CgroupParent": "",
    "BlkioWeight": 0,
    "BlkioWeightDevice": null,
    "BlkioDeviceReadBps": null,
    "BlkioDeviceWriteBps": null,
    "BlkioDeviceReadIOps": null,
    "BlkioDeviceWriteIOps": null,
    "CpuPeriod": 0,
    "CpuQuota": 0,
    "CpuRealtimePeriod": 0,
    "CpuRealtimeRuntime": 0,
    "CpusetCpus": "",
    "CpusetMems": "",
    "Devices": null,
    "DeviceCgroupRules": null,
    "DeviceRequests": null,
    "MemoryReservation": 0,
    "MemorySwap": 0,
    "MemorySwappiness": null,
    "OomKillDisable": false,
    "PidsLimit": null,
    "Ulimits": null,
    "CpuCount": 0,
    "CpuPercent": 0,
    "IOMaximumIOps": 0,
    "IOMaximumBandwidth": 0,
    "MaskedPaths": [
      "/proc/asound",
      "/proc/acpi",
      "/proc/kcore",
      "/proc/keys",
      "/proc/latency_stats",
      "/proc/timer_list",
      "/proc/timer_stats",
      "/proc/sched_debug",
      "/proc/scsi",
      "/sys/firmware"
    ],
    "ReadonlyPaths": [
      "/proc/bus",
      "/proc/fs",
      "/proc/irq",
      "/proc/sys",
      "/proc/sysrq-trigger"
    ]
  },
  "GraphDriver": {
    "Data": {
      "LowerDir": "/var/lib/docker/overlay2/618bd1e7a13880c07ec7f5bfc45012a9f81d5de452f942b49d8f49b3c67a19a2-init/diff:/var/lib/docker/overlay2/0d222a3aa067159831c4111a408e40325be1085b935c98d39c2e9a01ff50b224/diff:/var/lib/docker/overlay2/a20c9490a23ee8af51898892d9bf32258d44e0e07f3799475be8e8f273a50f73/diff:/var/lib/docker/overlay2/d4c97f367c37c6ada9de57f438a3e19cc714be2a54a6f582a03de9e42d88b344/diff",
      "MergedDir": "/var/lib/docker/overlay2/618bd1e7a13880c07ec7f5bfc45012a9f81d5de452f942b49d8f49b3c67a19a2/merged",
      "UpperDir": "/var/lib/docker/overlay2/618bd1e7a13880c07ec7f5bfc45012a9f81d5de452f942b49d8f49b3c67a19a2/diff",
      "WorkDir": "/var/lib/docker/overlay2/618bd1e7a13880c07ec7f5bfc45012a9f81d5de452f942b49d8f49b3c67a19a2/work"
    },
    "Name": "overlay2"
  },
  "Mounts": [],
  "Config": {
    "Hostname": "25e75393800b",
    "Domainname": "",
    "User": "",
    "AttachStdin": false,
    "AttachStdout": true,
    "AttachStderr": true,
    "ExposedPorts": {
      "8000/tcp": {},
      "8388/tcp": {},
      "8388/udp": {},
      "8888/tcp": {}
    },
    "Tty": false,
    "OpenStdin": false,
    "StdinOnce": false,
    "Env": [
      "OPENVPN_PASSWORD=",
      "SERVER_COUNTRIES=Sweden",
      "VPN_SERVICE_PROVIDER=nordvpn",
      "OPENVPN_USER=",
      "PATH=/usr/local/sbin:/usr/local/bin:/usr/sbin:/usr/bin:/sbin:/bin",
      "VPN_TYPE=openvpn",
      "VPN_ENDPOINT_IP=",
      "VPN_ENDPOINT_PORT=",
      "VPN_INTERFACE=tun0",
      "OPENVPN_PROTOCOL=udp",
      "OPENVPN_USER_SECRETFILE=/run/secrets/openvpn_user",
      "OPENVPN_PASSWORD_SECRETFILE=/run/secrets/openvpn_password",
      "OPENVPN_VERSION=2.5",
      "OPENVPN_VERBOSITY=1",
      "OPENVPN_FLAGS=",
      "OPENVPN_CIPHERS=",
      "OPENVPN_AUTH=",
      "OPENVPN_PROCESS_USER=root",
      "OPENVPN_CUSTOM_CONFIG=",
      "WIREGUARD_PRIVATE_KEY=",
      "WIREGUARD_PRESHARED_KEY=",
      "WIREGUARD_PUBLIC_KEY=",
      "WIREGUARD_ALLOWED_IPS=",
      "WIREGUARD_ADDRESSES=",
      "WIREGUARD_MTU=1400",
      "WIREGUARD_IMPLEMENTATION=auto",
      "SERVER_REGIONS=",
      "SERVER_CITIES=",
      "SERVER_HOSTNAMES=",
      "ISP=",
      "OWNED_ONLY=no",
      "PRIVATE_INTERNET_ACCESS_OPENVPN_ENCRYPTION_PRESET=",
      "VPN_PORT_FORWARDING=off",
      "VPN_PORT_FORWARDING_PROVIDER=",
      "VPN_PORT_FORWARDING_STATUS_FILE=/tmp/gluetun/forwarded_port",
      "OPENVPN_CERT=",
      "OPENVPN_KEY=",
      "OPENVPN_CLIENTCRT_SECRETFILE=/run/secrets/openvpn_clientcrt",
      "OPENVPN_CLIENTKEY_SECRETFILE=/run/secrets/openvpn_clientkey",
      "OPENVPN_ENCRYPTED_KEY=",
      "OPENVPN_ENCRYPTED_KEY_SECRETFILE=/run/secrets/openvpn_encrypted_key",
      "OPENVPN_KEY_PASSPHRASE=",
      "OPENVPN_KEY_PASSPHRASE_SECRETFILE=/run/secrets/openvpn_key_passphrase",
      "SERVER_NUMBER=",
      "SERVER_NAMES=",
      "FREE_ONLY=",
      "MULTIHOP_ONLY=",
      "PREMIUM_ONLY=",
      "FIREWALL=on",
      "FIREWALL_VPN_INPUT_PORTS=",
      "FIREWALL_INPUT_PORTS=",
      "FIREWALL_OUTBOUND_SUBNETS=",
      "FIREWALL_DEBUG=off",
      "LOG_LEVEL=info",
      "HEALTH_SERVER_ADDRESS=127.0.0.1:9999",
      "HEALTH_TARGET_ADDRESS=cloudflare.com:443",
      "HEALTH_SUCCESS_WAIT_DURATION=5s",
      "HEALTH_VPN_DURATION_INITIAL=6s",
      "HEALTH_VPN_DURATION_ADDITION=5s",
      "DOT=on",
      "DOT_PROVIDERS=cloudflare",
      "DOT_PRIVATE_ADDRESS=127.0.0.1/8,10.0.0.0/8,172.16.0.0/12,192.168.0.0/16,169.254.0.0/16,::1/128,fc00::/7,fe80::/10,::ffff:7f00:1/104,::ffff:a00:0/104,::ffff:a9fe:0/112,::ffff:ac10:0/108,::ffff:c0a8:0/112",
      "DOT_VERBOSITY=1",
      "DOT_VERBOSITY_DETAILS=0",
      "DOT_VALIDATION_LOGLEVEL=0",
      "DOT_CACHING=on",
      "DOT_IPV6=off",
      "BLOCK_MALICIOUS=on",
      "BLOCK_SURVEILLANCE=off",
      "BLOCK_ADS=off",
      "UNBLOCK=",
      "DNS_UPDATE_PERIOD=24h",
      "DNS_ADDRESS=127.0.0.1",
      "DNS_KEEP_NAMESERVER=off",
      "HTTPPROXY=",
      "HTTPPROXY_LOG=off",
      "HTTPPROXY_LISTENING_ADDRESS=:8888",
      "HTTPPROXY_STEALTH=off",
      "HTTPPROXY_USER=",
      "HTTPPROXY_PASSWORD=",
      "HTTPPROXY_USER_SECRETFILE=/run/secrets/httpproxy_user",
      "HTTPPROXY_PASSWORD_SECRETFILE=/run/secrets/httpproxy_password",
      "SHADOWSOCKS=off",
      "SHADOWSOCKS_LOG=off",
      "SHADOWSOCKS_LISTENING_ADDRESS=:8388",
      "SHADOWSOCKS_PASSWORD=",
      "SHADOWSOCKS_PASSWORD_SECRETFILE=/run/secrets/shadowsocks_password",
      "SHADOWSOCKS_CIPHER=chacha20-ietf-poly1305",
      "HTTP_CONTROL_SERVER_LOG=on",
      "HTTP_CONTROL_SERVER_ADDRESS=:8000",
      "UPDATER_PERIOD=0",
      "UPDATER_MIN_RATIO=0.8",
      "UPDATER_VPN_SERVICE_PROVIDERS=",
      "PUBLICIP_FILE=/tmp/gluetun/ip",
      "PUBLICIP_PERIOD=12h",
      "PPROF_ENABLED=no",
      "PPROF_BLOCK_PROFILE_RATE=0",
      "PPROF_MUTEX_PROFILE_RATE=0",
      "PPROF_HTTP_SERVER_ADDRESS=:6060",
      "VERSION_INFORMATION=on",
      "TZ=",
      "PUID=",
      "PGID="
    ],
    "Cmd": null,
    "Healthcheck": {
      "Test": [
        "CMD-SHELL",
        "/gluetun-entrypoint healthcheck"
      ],
      "Interval": 5000000000,
      "Timeout": 5000000000,
      "StartPeriod": 10000000000,
      "Retries": 1
    },
    "Image": "qmcgaw/gluetun",
    "Volumes": null,
    "WorkingDir": "",
    "Entrypoint": [
      "/gluetun-entrypoint"
    ],
    "OnBuild": null,
    "Labels": {
      "com.docker.compose.config-hash": "6dc7dc42a86edb47039de3650a9cb9bdcf4866c113b8f9d797722c9dfd20428b",
      "com.docker.compose.container-number": "1",
      "com.docker.compose.depends_on": "",
      "com.docker.compose.image": "sha256:c22b543d33bfdcb9992cbef23961677133cdf09da71d782468ae2517138bad51",
      "com.docker.compose.oneoff": "False",
      "com.docker.compose.project": "wt-contnet",
      "com.docker.compose.project.config_files": "/tmp/wt-contnet/docker-compose.yaml",
      "com.docker.compose.project.working_dir": "/tmp/wt-contnet",
      "com.docker.compose.replace": "9bd1ce000be81819fc915aa60a1674c7573b59a26ac4643ecf427a5732b9785f",
      "com.docker.compose.service": "producer",
      "com.docker.compose.version": "2.19.1",
      "desktop.docker.io/wsl-distro": "Ubuntu",
      "org.opencontainers.image.authors": "quentin.mcgaw@gmail.com",
      "org.opencontainers.image.created": "2023-07-22T16:07:05.641Z",
      "org.opencontainers.image.description": "VPN client in a thin Docker container for multiple VPN providers, written in Go, and using OpenVPN or Wireguard, DNS over TLS, with a few proxy servers built-in.",
      "org.opencontainers.image.documentation": "https://github.com/qdm12/gluetun",
      "org.opencontainers.image.licenses": "MIT",
      "org.opencontainers.image.revision": "eecfb3952f202c0de3867d88e96d80c6b0f48359",
      "org.opencontainers.image.source": "https://github.com/qdm12/gluetun",
      "org.opencontainers.image.title": "gluetun",
      "org.opencontainers.image.url": "https://github.com/qdm12/gluetun",
      "org.opencontainers.image.version": "latest"
    }
  },
  "NetworkSettings": {
    "Bridge": "",
    "SandboxID": "34a321b64bb1b15f994dfccff0e235f881504f240c2028876ff6683962eaa10e",
    "HairpinMode": false,
    "LinkLocalIPv6Address": "",
    "LinkLocalIPv6PrefixLen": 0,
    "Ports": {
      "8000/tcp": null,
      "8388/tcp": null,
      "8388/udp": null,
      "8888/tcp": null
    },
    "SandboxKey": "/var/run/docker/netns/34a321b64bb1",
    "SecondaryIPAddresses": null,
    "SecondaryIPv6Addresses": null,
    "EndpointID": "",
    "Gateway": "",
    "GlobalIPv6Address": "",
    "GlobalIPv6PrefixLen": 0,
    "IPAddress": "",
    "IPPrefixLen": 0,
    "IPv6Gateway": "",
    "MacAddress": "",
    "Networks": {
      "wt-contnet_default": {
        "IPAMConfig": null,
        "Links": null,
        "Aliases": [
          "wt-contnet-producer-1",
          "producer",
          "25e75393800b"
        ],
        "NetworkID": "f0f652a79efc54bcad52aafb4cbcc3b5dce1acaf11b172d8678d25f665faf63d",
        "EndpointID": "2429c2b5d08db6c986bbd419a52ca4dd352715d80c5aeae04742efb84b0356fc",
        "Gateway": "172.19.0.1",
        "IPAddress": "172.19.0.2",
        "IPPrefixLen": 16,
        "IPv6Gateway": "",
        "GlobalIPv6Address": "",
        "GlobalIPv6PrefixLen": 0,
        "MacAddress": "02:42:ac:13:00:02",
        "DriverOpts": null
      }
    }
  }
}
