{
  "Id": "sha256:4dbc5f9c07028a985e14d1393e849ea07f68804c4293050d5a641b138db72daa",
  "RepoTags": [
    "containrrr/watchtower:latest"
  ],
  "RepoDigests": [],
  "Parent": "sha256:2753b9621e0d76153e1725d0cea015baf0ae4d829782a463b4ea9532ec976447",
  "Comment": "",
  "Created": "2019-04-10T19:49:07.970840451Z",
  "Container": "b8387976426946f5c5191255204a66514c5e64be157f792c5bac329bb055041c",
  "ContainerConfig": {
    "Hostname": "b83879764269",
    "Domainname": "",
    "User": "",
    "AttachStdin": false,
    "AttachStdout": false,
    "AttachStderr": false,
    "Tty": false,
    "OpenStdin": false,
    "StdinOnce": false,
    "Env": [
      "PATH=/usr/local/sbin:/usr/local/bin:/usr/sbin:/usr/bin:/sbin:/bin"
    ],
    "Cmd": [
      "/bin/sh",
      "-c",
      "#(nop) ",
      "ENTRYPOINT [\"/watchtower\"]"
    ],
    "Image": "sha256:2753b9621e0d76153e1725d0cea015baf0ae4d829782a463b4ea9532ec976447",
    "Volumes": null,
    "WorkingDir": "",
    "Entrypoint": [
      "/watchtower"
    ],
    "OnBuild": null,
    "Labels": {
      "com.centurylinklabs.watchtower": "true"
    }
  },
  "DockerVersion": "18.09.1",
  "Author": "",
  "Config": {
    "Hostname": "",
    "Domainname": "",
    "User": "",
    "AttachStdin": false,
    "AttachStdout": false,
    "AttachStderr": false,
    "Tty": false,
    "OpenStdin": false,
    "StdinOnce": false,
    "Env": [
      "PATH=/usr/local/sbin:/usr/local/bin:/usr/sbin:/usr/bin:/sbin:/bin"
    ],
    "Cmd": null,
    "Image": "sha256:2753b9621e0d76153e1725d0cea015baf0ae4d829782a463b4ea9532ec976447",
    "Volumes": null,
    "WorkingDir": "",
    "Entrypoint": [
      "/watchtower"
    ],
    "OnBuild": null,
    "Labels": {
      "com.centurylinklabs.watchtower": "true"
    }
  },
  "Architecture": "amd64",
  "Os": "linux",
  "Size": 13005733,
  "VirtualSize": 13005733,
  "GraphDriver": {
    "Data": {
      "LowerDir": "/var/lib/docker/overlay2/8108325ee844603c9b08d2772cf6e65dccf31dd5171f265078e5ed79a0ba3c0f/diff:/var/lib/docker/overlay2/e5e0cce6bf91b829a308424d99d7e56a33be3a11414ff5cdc48e762a1342b20f/diff",
      "MergedDir": "/var/lib/docker/overlay2/cdf82f50bc49177d0c17c24f3eaa29eba607b70cc6a081f77781b21c59a13eb8/merged",
      "UpperDir": "/var/lib/docker/overlay2/cdf82f50bc49177d0c17c24f3eaa29eba607b70cc6a081f77781b21c59a13eb8/diff",
      "WorkDir": "/var/lib/docker/overlay2/cdf82f50bc49177d0c17c24f3eaa29eba607b70cc6a081f77781b21c59a13eb8/work"
    },
    "Name": "overlay2"
  },
  "RootFS": {
    "Type": "layers",
    "Layers": [
      "sha256:1d3ad125af2c636cdd793fcf94c9d4fd2b5c4c7d63a770a01056719db13c2271",
      "sha256:06cfe8fe0892ba4a91cb93e3a25344d4a1c4771cf7297a93e3bd86a1e0fba6eb",
      "sha256:f58d451769dc30a938d8dcae22fda2acd816899f65fc6b6fa519ddf230dab447"
    ]
  },
  "Metadata": {
    "LastTagTime": "2019-04-10T19:49:08.03921105Z"
  }
}
