{
  "Id": "sha256:c22b543d33bfdcb9992cbef23961677133cdf09da71d782468ae2517138bad51",
  "RepoTags": [
    "qmcgaw/gluetun:latest"
  ],
  "RepoDigests": [
    "qmcgaw/gluetun@sha256:cd532bf4ef88a348a915c6dc62a9867a2eca89aa70559b0b4a1ea15cc0e595d1"
  ],
  "Parent": "",
  "Comment": "buildkit.dockerfile.v0",
  "Created": "2023-07-22T16:10:29.457146856Z",
  "Container": "",
  "ContainerConfig": {
    "Hostname": "",
    "Domainname": "",
    "User": "",
    "AttachStdin": false,
    "AttachStdout": false,
    "AttachStderr": false,
    "Tty": false,
    "OpenStdin": false,
    "StdinOnce": false,
    "Env": null,
    "Cmd": null,
    "Image": "",
    "Volumes": null,
    "WorkingDir": "",
    "Entrypoint": null,
    "OnBuild": null,
    "Labels": null
  },
  "DockerVersion": "",
  "Author": "",
  "Config": {
    "Hostname": "",
    "Domainname": "",
    "User": "",
    "AttachStdin": false,
    "AttachStdout": false,
    "AttachStderr": false,
    "ExposedPorts": {
      "8000/tcp": {},
      "8388/tcp": {},
      "8388/udp": {},
      "8888/tcp": {}
    },
    "Tty": false,
    "OpenStdin": false,
    "StdinOnce": false,
    "Env": [
      "PATH=/usr/local/sbin:/usr/local/bin:/usr/sbin:/usr/bin:/sbin:/bin",
      "VPN_SERVICE_PROVIDER=pia",
      "VPN_TYPE=openvpn",
      "VPN_ENDPOINT_IP=",
      "VPN_ENDPOINT_PORT=",
      "VPN_INTERFACE=tun0",
      "OPENVPN_PROTOCOL=udp",
      "OPENVPN_USER=",
      "OPENVPN_PASSWORD=",
      "OPENVPN_USER_SECRETFILE=/run/secrets/openvpn_user",
      "OPENVPN_PASSWORD_SECRETFILE=/run/secrets/openvpn_password",
      "OPENVPN_VERSION=2.5",
      "OPENVPN_VERBOSITY=1",
      "OPENVPN_FLAGS=",
      "OPENVPN_CIPHERS=",
      "OPENVPN_AUTH=",
      "OPENVPN_PROCESS_USER=root",
      "OPENVPN_CUSTOM_CONFIG=",
      "WIREGUARD_PRIVATE_KEY=",
      "WIREGUARD_PRESHARED_KEY=",
      "WIREGUARD_PUBLIC_KEY=",
      "WIREGUARD_ALLOWED_IPS=",
      "WIREGUARD_ADDRESSES=",
      "WIREGUARD_MTU=1400",
      "WIREGUARD_IMPLEMENTATION=auto",
      "SERVER_REGIONS=",
      "SERVER_COUNTRIES=",
      "SERVER_CITIES=",
      "SERVER_HOSTNAMES=",
      "ISP=",
      "OWNED_ONLY=no",
      "PRIVATE_INTERNET_ACCESS_OPENVPN_ENCRYPTION_PRESET=",
      "VPN_PORT_FORWARDING=off",
      "VPN_PORT_FORWARDING_PROVIDER=",
      "VPN_PORT_FORWARDING_STATUS_FILE=/tmp/gluetun/forwarded_port",
      "OPENVPN_CERT=",
      "OPENVPN_KEY=",
      "OPENVPN_CLIENTCRT_SECRETFILE=/run/secrets/openvpn_clientcrt",
      "OPENVPN_CLIENTKEY_SECRETFILE=/run/secrets/openvpn_clientkey",
      "OPENVPN_ENCRYPTED_KEY=",
      "OPENVPN_ENCRYPTED_KEY_SECRETFILE=/run/secrets/openvpn_encrypted_key",
      "OPENVPN_KEY_PASSPHRASE=",
      "OPENVPN_KEY_PASSPHRASE_SECRETFILE=/run/secrets/openvpn_key_passphrase",
      "SERVER_NUMBER=",
      "SERVER_NAMES=",
      "FREE_ONLY=",
      "MULTIHOP_ONLY=",
      "PREMIUM_ONLY=",
      "FIREWALL=on",
      "FIREWALL_VPN_INPUT_PORTS=",
      "FIREWALL_INPUT_PORTS=",
      "FIREWALL_OUTBOUND_SUBNETS=",
      "FIREWALL_DEBUG=off",
      "LOG_LEVEL=info",
      "HEALTH_SERVER_ADDRESS=127.0.0.1:9999",
      "HEALTH_TARGET_ADDRESS=cloudflare.com:443",
      "HEALTH_SUCCESS_WAIT_DURATION=5s",
      "HEALTH_VPN_DURATION_INITIAL=6s",
      "HEALTH_VPN_DURATION_ADDITION=5s",
      "DOT=on",
      "DOT_PROVIDERS=cloudflare",
      "DOT_PRIVATE_ADDRESS=127.0.0.1/8,10.0.0.0/8,172.16.0.0/12,192.168.0.0/16,169.254.0.0/16,::1/128,fc00::/7,fe80::/10,::ffff:7f00:1/104,::ffff:a00:0/104,::ffff:a9fe:0/112,::ffff:ac10:0/108,::ffff:c0a8:0/112",
      "DOT_VERBOSITY=1",
      "DOT_VERBOSITY_DETAILS=0",
      "DOT_VALIDATION_LOGLEVEL=0",
      "DOT_CACHING=on",
      "DOT_IPV6=off",
      "BLOCK_MALICIOUS=on",
      "BLOCK_SURVEILLANCE=off",
      "BLOCK_ADS=off",
      "UNBLOCK=",
      "DNS_UPDATE_PERIOD=24h",
      "DNS_ADDRESS=127.0.0.1",
      "DNS_KEEP_NAMESERVER=off",
      "HTTPPROXY=",
      "HTTPPROXY_LOG=off",
      "HTTPPROXY_LISTENING_ADDRESS=:8888",
      "HTTPPROXY_STEALTH=off",
      "HTTPPROXY_USER=",
      "HTTPPROXY_PASSWORD=",
      "HTTPPROXY_USER_SECRETFILE=/run/secrets/httpproxy_user",
      "HTTPPROXY_PASSWORD_SECRETFILE=/run/secrets/httpproxy_password",
      "SHADOWSOCKS=off",
      "SHADOWSOCKS_LOG=off",
      "SHADOWSOCKS_LISTENING_ADDRESS=:8388",
      "SHADOWSOCKS_PASSWORD=",
      "SHADOWSOCKS_PASSWORD_SECRETFILE=/run/secrets/shadowsocks_password",
      "SHADOWSOCKS_CIPHER=chacha20-ietf-poly1305",
      "HTTP_CONTROL_SERVER_LOG=on",
      "HTTP_CONTROL_SERVER_ADDRESS=:8000",
      "UPDATER_PERIOD=0",
      "UPDATER_MIN_RATIO=0.8",
      "UPDATER_VPN_SERVICE_PROVIDERS=",
      "PUBLICIP_FILE=/tmp/gluetun/ip",
      "PUBLICIP_PERIOD=12h",
      "PPROF_ENABLED=no",
      "PPROF_BLOCK_PROFILE_RATE=0",
      "PPROF_MUTEX_PROFILE_RATE=0",
      "PPROF_HTTP_SERVER_ADDRESS=:6060",
      "VERSION_INFORMATION=on",
      "TZ=",
      "PUID=",
      "PGID="
    ],
    "Cmd": null,
    "Healthcheck": {
      "Test": [
        "CMD-SHELL",
        "/gluetun-entrypoint healthcheck"
      ],
      "Interval": 5000000000,
      "Timeout": 5000000000,
      "StartPeriod": 10000000000,
      "Retries": 1
    },
    "Image": "",
    "Volumes": null,
    "WorkingDir": "",
    "Entrypoint": [
      "/gluetun-entrypoint"
    ],
    "OnBuild": null,
    "Labels": {
      "org.opencontainers.image.authors": "quentin.mcgaw@gmail.com",
      "org.opencontainers.image.created": "2023-07-22T16:07:05.641Z",
      "org.opencontainers.image.description": "VPN client in a thin Docker container for multiple VPN providers, written in Go, and using OpenVPN or Wireguard, DNS over TLS, with a few proxy servers built-in.",
      "org.opencontainers.image.documentation": "https://github.com/qdm12/gluetun",
      "org.opencontainers.image.licenses": "MIT",
      "org.opencontainers.image.revision": "eecfb3952f202c0de3867d88e96d80c6b0f48359",
      "org.opencontainers.image.source": "https://github.com/qdm12/gluetun",
      "org.opencontainers.image.title": "gluetun",
      "org.opencontainers.image.url": "https://github.com/qdm12/gluetun",
      "org.opencontainers.image.version": "latest"
    }
  },
  "Architecture": "amd64",
  "Os": "linux",
  "Size": 42602255,
  "VirtualSize": 42602255,
  "GraphDriver": {
    "Data": {
      "LowerDir": "/var/lib/docker/overlay2/a20c9490a23ee8af51898892d9bf32258d44e0e07f3799475be8e8f273a50f73/diff:/var/lib/docker/overlay2/d4c97f367c37c6ada9de57f438a3e19cc714be2a54a6f582a03de9e42d88b344/diff",
      "MergedDir": "/var/lib/docker/overlay2/0d222a3aa067159831c4111a408e40325be1085b935c98d39c2e9a01ff50b224/merged",
      "UpperDir": "/var/lib/docker/overlay2/0d222a3aa067159831c4111a408e40325be1085b935c98d39c2e9a01ff50b224/diff",
      "WorkDir": "/var/lib/docker/overlay2/0d222a3aa067159831c4111a408e40325be1085b935c98d39c2e9a01ff50b224/work"
    },
    "Name": "overlay2"
  },
  "RootFS": {
    "Type": "layers",
    "Layers": [
      "sha256:78a822fe2a2d2c84f3de4a403188c45f623017d6a4521d23047c9fbb0801794c",
      "sha256:122dbeefc08382d88b3fe57ad81c1e2428af5b81c172d112723a33e2a20fe880",
      "sha256:3d215e55b88a99dcd7cf4349618326ab129771e12fdf6c6ef5cbb71a265dbb6c"
    ]
  },
  "Metadata": {
    "LastTagTime": "0001-01-01T00:00:00Z"
  }
}
