{
  "Id": "sha256:19d07168491a3f9e2798a9bed96544e34d57ddc4757a4ac5bb199dea896c87fd",
  "RepoTags": [
    "portainer/portainer:latest"
  ],
  "RepoDigests": [
    "portainer/portainer@sha256:d6cc2c20c0af38d8d557ab994c419c799a10fe825e4aa57fea2e2e507a13747d"
  ],
  "Parent": "",
  "Comment": "",
  "Created": "2019-03-05T04:41:17.612066939Z",
  "Container": "022100cf79dfee27867d5ff7aa3ff7ecc5cbd486747e808a59b6accd393d65f5",
  "ContainerConfig": {
    "Hostname": "022100cf79df",
    "Domainname": "",
    "User": "",
    "AttachStdin": false,
    "AttachStdout": false,
    "AttachStderr": false,
    "ExposedPorts": {
      "9000/tcp": {}
    },
    "Tty": false,
    "OpenStdin": false,
    "StdinOnce": false,
    "Env": [
      "PATH=/usr/local/sbin:/usr/local/bin:/usr/sbin:/usr/bin:/sbin:/bin"
    ],
    "Cmd": [
      "/bin/sh",
      "-c",
      "#(nop) ",
      "ENTRYPOINT [\"/portainer\"]"
    ],
    "Image": "sha256:9cf3ead5068a16f1bc1e18d6e730940f05fd59f60dfe1f6b3a5956196191dc77",
    "Volumes": {
      "/data": {}
    },
    "WorkingDir": "/",
    "Entrypoint": [
      "/portainer"
    ],
    "OnBuild": null,
    "Labels": {}
  },
  "DockerVersion": "18.09.2",
  "Author": "",
  "Config": {
    "Hostname": "",
    "Domainname": "",
    "User": "",
    "AttachStdin": false,
    "AttachStdout": false,
    "AttachStderr": false,
    "ExposedPorts": {
      "9000/tcp": {}
    },
    "Tty": false,
    "OpenStdin": false,
    "StdinOnce": false,
    "Env": [
      "PATH=/usr/local/sbin:/usr/local/bin:/usr/sbin:/usr/bin:/sbin:/bin"
    ],
    "Cmd": null,
    "Image": "sha256:9cf3ead5068a16f1bc1e18d6e730940f05fd59f60dfe1f6b3a5956196191dc77",
    "Volumes": {
      "/data": {}
    },
    "WorkingDir": "/",
    "Entrypoint": [
      "/portainer"
    ],
    "OnBuild": null,
    "Labels": null
  },
  "Architecture": "amd64",
  "Os": "linux",
  "Size": 74089106,
  "VirtualSize": 74089106,
  "GraphDriver": {
    "Data": {
      "LowerDir": "/var/lib/docker/overlay2/6c3f44131f6f13c9ea1a99a1b24bf348f70ba3eef244f29202faef3a2216ac11/diff",
      "MergedDir": "/var/lib/docker/overlay2/2e0c03c2476f5b4df855cb8b02a88f76d336d7e0becc3e5193906aaa760687fd/merged",
      "UpperDir": "/var/lib/docker/overlay2/2e0c03c2476f5b4df855cb8b02a88f76d336d7e0becc3e5193906aaa760687fd/diff",
      "WorkDir": "/var/lib/docker/overlay2/2e0c03c2476f5b4df855cb8b02a88f76d336d7e0becc3e5193906aaa760687fd/work"
    },
    "Name": "overlay2"
  },
  "RootFS": {
    "Type": "layers",
    "Layers": [
      "sha256:dd4969f97241b9aefe2a70f560ce399ee9fa0354301c9aef841082ad52161ec5",
      "sha256:e7260fd2a5f240122129b2d421726d7a4a2bda0cc292e962b694196af8856f20"
    ]
  },
  "Metadata": {
    "LastTagTime": "0001-01-01T00:00:00Z"
  }
}
